Pin (dBm),Pout(dBm),"Vout_phase
PM_OUT(deg)"
-20,-1.713289664,140.7592366
-18,0.28577662,140.7460789
-16,2.280860037,140.7206612
-14,4.265879971,140.6698954
-12,6.228298712,140.5661894
-10,8.145467779,140.3530193
-9,9.076080879,140.1763856
-8,9.979647898,139.9319402
-7,10.84763913,139.5910991
-6,11.66837128,139.1014995
-5,12.42553165,138.3929029
-4,13.10067425,137.417359
-3,13.67857216,136.211719
-2,14.1533392,134.9090662
-1,14.53103316,133.6837956
0,14.82651231,132.6916546
